channel,sg_climate,region,outcome,n,S_p5,S_p25,S_median,S_p75,S_p95,absS_median,absP_median,pct_rivals_50,pct_rivals_100
supply,C1,WORLD,cum_wind_twh,108.0,34.69,40.99,47.78,52.4,60.7,47.78,169.21,0.0,0.0
supply,C1,R10AFRICA,cum_wind_twh,108.0,1253.68,1345.53,1504.49,1684.96,2204.01,1504.49,4088.7,16.67,0.93
supply,C1,R10CHINA+,cum_wind_twh,108.0,6.03,41.74,53.83,72.85,96.46,53.83,244.5,1.85,0.0
supply,C1,R10EUROPE,cum_wind_twh,108.0,7.58,10.64,16.08,22.13,30.65,16.08,118.07,0.0,0.0
supply,C1,R10INDIA+,cum_wind_twh,108.0,110.85,301.1,347.03,437.6,554.68,347.03,716.22,44.44,8.33
supply,C1,R10LATIN_AM,cum_wind_twh,108.0,3.29,11.21,21.03,36.56,44.29,21.03,40.5,54.63,37.04
supply,C1,R10MIDDLE_EAST,cum_wind_twh,108.0,216.97,305.4,795.34,1829.47,3552.98,795.34,885.29,50.93,25.93
supply,C1,R10NORTH_AM,cum_wind_twh,108.0,6.16,7.86,10.63,14.35,15.95,10.63,79.94,0.0,0.0
supply,C1,R10PAC_OECD,cum_wind_twh,108.0,78.94,110.66,306.26,844.9,948.83,306.26,201.78,71.3,49.07
supply,C1,R10REF_ECON,cum_wind_twh,108.0,-101.56,-50.48,-20.96,3.16,81.85,34.37,1078.93,0.0,0.0
supply,C1,R10REST_ASIA,cum_wind_twh,108.0,205.44,360.38,496.33,594.28,1089.92,496.33,237.18,99.07,77.78
supply,C1,WORLD,cum_solar_twh,108.0,-13.18,-10.85,-9.46,-7.68,-3.28,9.46,72.26,0.0,0.0
supply,C1,R10AFRICA,cum_solar_twh,108.0,-34.88,-30.0,-25.63,-19.5,-14.22,25.63,75.21,16.67,8.33
supply,C1,R10CHINA+,cum_solar_twh,108.0,-15.43,-7.59,-4.2,1.6,20.11,6.32,79.07,0.93,0.0
supply,C1,R10EUROPE,cum_solar_twh,108.0,-22.59,-15.71,-12.3,-8.96,-7.12,12.3,11.19,93.52,40.74
supply,C1,R10INDIA+,cum_solar_twh,108.0,-21.18,-13.63,-6.8,-3.14,2.1,6.8,90.43,0.0,0.0
supply,C1,R10LATIN_AM,cum_solar_twh,108.0,-31.42,-24.56,-19.15,-14.36,-4.11,19.15,33.39,79.63,2.78
supply,C1,R10MIDDLE_EAST,cum_solar_twh,108.0,-10.48,-4.0,-2.31,-0.73,2.81,2.71,76.14,0.93,0.0
supply,C1,R10NORTH_AM,cum_solar_twh,108.0,-40.41,-31.63,-11.59,-4.73,-1.54,11.59,66.31,0.0,0.0
supply,C1,R10PAC_OECD,cum_solar_twh,108.0,-58.65,-34.87,-14.47,-1.09,7.81,17.58,36.64,50.93,1.85
supply,C1,R10REF_ECON,cum_solar_twh,108.0,144.77,302.08,438.93,807.54,1005.91,438.93,404.09,89.81,42.59
supply,C1,R10REST_ASIA,cum_solar_twh,108.0,-29.88,-12.95,-7.58,-4.27,-0.71,7.99,96.41,5.56,0.0
supply,C1,WORLD,avg_elec_price,108.0,-16.31,-14.54,-12.68,-8.98,-7.4,12.68,44.22,0.93,0.0
supply,C1,R10AFRICA,avg_elec_price,108.0,-21.4,-18.54,-15.3,-12.73,-11.68,15.3,42.14,16.67,0.0
supply,C1,R10CHINA+,avg_elec_price,108.0,-17.94,-12.65,-10.71,-4.31,-0.65,10.71,53.78,0.0,0.0
supply,C1,R10EUROPE,avg_elec_price,108.0,-22.33,-14.85,-12.85,-9.82,-7.61,12.85,20.06,83.33,33.33
supply,C1,R10INDIA+,avg_elec_price,108.0,-12.07,-9.36,-5.7,-3.92,-1.49,5.7,40.13,1.85,0.0
supply,C1,R10LATIN_AM,avg_elec_price,108.0,-12.76,-11.93,-11.29,-10.18,-9.09,11.29,12.16,83.33,47.22
supply,C1,R10MIDDLE_EAST,avg_elec_price,108.0,-19.04,-12.16,-7.24,-4.51,-2.9,7.24,69.12,0.0,0.0
supply,C1,R10NORTH_AM,avg_elec_price,108.0,-25.94,-17.3,-15.18,-13.37,-10.84,15.18,34.01,38.89,5.56
supply,C1,R10PAC_OECD,avg_elec_price,108.0,-32.99,-23.09,-8.7,-7.17,-5.4,8.7,64.33,2.78,0.0
supply,C1,R10REF_ECON,avg_elec_price,108.0,-27.48,-23.74,-18.15,-13.41,-8.48,18.15,49.51,10.19,0.0
supply,C1,R10REST_ASIA,avg_elec_price,108.0,-15.09,-12.33,-9.68,-7.1,-4.98,9.68,58.25,0.0,0.0
supply,C1,WORLD,nonvre_cf,108.0,-9.87,-7.81,-6.27,-5.48,-4.56,6.27,34.15,0.0,0.0
supply,C1,R10AFRICA,nonvre_cf,108.0,-23.0,-16.65,-13.56,-11.44,-9.4,13.56,55.94,6.48,0.0
supply,C1,R10CHINA+,nonvre_cf,108.0,-13.14,-9.73,-5.95,-3.84,-2.92,5.95,35.12,1.85,0.0
supply,C1,R10EUROPE,nonvre_cf,108.0,-3.87,-3.06,-2.21,-1.82,-0.54,2.21,27.19,0.0,0.0
supply,C1,R10INDIA+,nonvre_cf,108.0,-14.84,-11.26,-8.07,-5.62,-2.17,8.07,29.85,18.52,5.56
supply,C1,R10LATIN_AM,nonvre_cf,108.0,-7.47,-6.11,-4.76,-3.52,-1.6,4.76,10.28,39.81,14.81
supply,C1,R10MIDDLE_EAST,nonvre_cf,108.0,-27.1,-10.42,-6.16,-4.36,-1.52,6.2,17.1,43.52,29.63
supply,C1,R10NORTH_AM,nonvre_cf,108.0,-6.35,-2.56,-1.55,-0.76,-0.16,1.61,42.29,0.0,0.0
supply,C1,R10PAC_OECD,nonvre_cf,108.0,-46.01,-34.56,-13.02,-3.97,-3.23,13.02,15.78,50.0,44.44
supply,C1,R10REF_ECON,nonvre_cf,108.0,-8.5,-5.27,-4.23,-3.41,-2.4,4.23,35.67,0.0,0.0
supply,C1,R10REST_ASIA,nonvre_cf,108.0,-9.2,-7.41,-5.59,-3.87,-1.78,5.59,20.43,20.37,10.19
supply,C1,WORLD,npv_cost_bn,108.0,-9.65,-7.89,-7.13,-5.9,-4.44,7.13,53.37,0.0,0.0
supply,C1,R10AFRICA,npv_cost_bn,108.0,-28.41,-23.1,-17.97,-12.93,-1.5,17.97,154.77,0.0,0.0
supply,C1,R10CHINA+,npv_cost_bn,108.0,-16.66,-13.6,-10.95,-9.2,-6.88,10.95,50.59,0.0,0.0
supply,C1,R10EUROPE,npv_cost_bn,108.0,-8.25,-4.37,-3.51,-2.74,-1.78,3.51,39.04,0.0,0.0
supply,C1,R10INDIA+,npv_cost_bn,108.0,-13.37,-6.2,-3.08,0.02,3.29,3.44,52.36,0.0,0.0
supply,C1,R10LATIN_AM,npv_cost_bn,108.0,-12.45,-10.27,-9.37,-8.55,-7.02,9.37,25.81,50.0,0.93
supply,C1,R10MIDDLE_EAST,npv_cost_bn,108.0,-8.78,-4.13,-2.28,1.11,5.41,3.37,80.18,0.0,0.0
supply,C1,R10NORTH_AM,npv_cost_bn,108.0,-10.16,-9.01,-8.02,-7.61,-7.1,8.02,28.51,0.0,0.0
supply,C1,R10PAC_OECD,npv_cost_bn,108.0,-1.57,0.63,12.07,23.95,41.65,12.23,36.07,42.59,22.22
supply,C1,R10REF_ECON,npv_cost_bn,108.0,-12.63,-10.67,-7.47,-4.35,-2.4,7.47,76.97,0.0,0.0
supply,C1,R10REST_ASIA,npv_cost_bn,108.0,-5.78,-1.86,-0.73,1.19,5.76,1.65,65.12,0.0,0.0
supply,C1,WORLD,cum_emissions_mt,108.0,-4.15,-2.89,-2.23,-1.61,-1.26,2.23,91.4,0.0,0.0
supply,C1,R10AFRICA,cum_emissions_mt,108.0,-15.92,-8.62,-5.84,-3.53,-1.37,5.84,87.05,0.0,0.0
supply,C1,R10CHINA+,cum_emissions_mt,108.0,-2.82,-1.4,-1.07,-0.54,-0.12,1.07,95.65,0.0,0.0
supply,C1,R10EUROPE,cum_emissions_mt,108.0,-2.34,-0.58,-0.26,0.02,0.63,0.41,89.72,0.0,0.0
supply,C1,R10INDIA+,cum_emissions_mt,108.0,-2.86,-1.79,-0.7,-0.3,-0.15,0.7,96.87,0.0,0.0
supply,C1,R10LATIN_AM,cum_emissions_mt,108.0,-21.73,-13.71,-2.3,-0.86,-0.2,2.39,71.82,24.07,6.48
supply,C1,R10MIDDLE_EAST,cum_emissions_mt,108.0,-18.52,-7.41,-5.48,-3.98,-1.25,5.48,64.21,7.41,5.56
supply,C1,R10NORTH_AM,cum_emissions_mt,108.0,-1.54,-0.86,-0.57,-0.19,0.43,0.6,91.09,0.0,0.0
supply,C1,R10PAC_OECD,cum_emissions_mt,108.0,-33.82,-24.03,-9.8,-3.18,-2.42,9.8,74.23,11.11,0.0
supply,C1,R10REF_ECON,cum_emissions_mt,108.0,-8.9,-3.95,-2.02,-0.76,0.09,2.02,88.71,0.0,0.0
supply,C1,R10REST_ASIA,cum_emissions_mt,108.0,-4.09,-2.91,-1.24,-0.28,0.15,1.24,88.62,0.0,0.0
supply,C2,WORLD,cum_wind_twh,108.0,33.61,40.77,46.37,54.09,72.0,46.37,143.96,19.44,0.0
supply,C2,R10AFRICA,cum_wind_twh,108.0,1262.12,1460.07,1629.64,2057.04,2496.06,1629.64,3414.98,47.22,23.15
supply,C2,R10CHINA+,cum_wind_twh,108.0,28.08,47.0,67.22,85.81,133.28,67.22,240.95,17.59,3.7
supply,C2,R10EUROPE,cum_wind_twh,108.0,9.2,12.75,22.35,30.17,50.61,22.35,91.29,12.04,0.0
supply,C2,R10INDIA+,cum_wind_twh,108.0,127.43,315.86,428.75,596.12,708.91,428.75,525.97,67.59,41.67
supply,C2,R10LATIN_AM,cum_wind_twh,108.0,4.18,9.11,14.12,29.83,36.48,14.12,23.05,69.44,7.41
supply,C2,R10MIDDLE_EAST,cum_wind_twh,108.0,-22.21,-22.21,171.22,226.34,2199.44,171.22,80.76,67.59,56.48
supply,C2,R10NORTH_AM,cum_wind_twh,108.0,2.42,4.64,5.76,7.48,9.44,5.76,48.68,0.0,0.0
supply,C2,R10PAC_OECD,cum_wind_twh,108.0,76.98,108.29,224.24,478.61,779.36,224.24,191.02,70.37,43.52
supply,C2,R10REF_ECON,cum_wind_twh,108.0,-36.32,-13.12,19.18,58.24,86.07,33.8,775.44,0.0,0.0
supply,C2,R10REST_ASIA,cum_wind_twh,108.0,7.91,7.91,251.31,403.24,768.47,251.31,14.7,100.0,98.15
supply,C2,WORLD,cum_solar_twh,108.0,-12.98,-10.84,-8.44,-6.12,-3.72,8.44,60.42,0.0,0.0
supply,C2,R10AFRICA,cum_solar_twh,108.0,-40.37,-31.31,-25.98,-17.59,-5.68,25.98,65.12,19.44,8.33
supply,C2,R10CHINA+,cum_solar_twh,108.0,-18.46,-11.84,-7.22,-0.94,9.49,8.89,105.68,0.0,0.0
supply,C2,R10EUROPE,cum_solar_twh,108.0,-26.03,-17.87,-14.98,-10.59,-6.13,14.98,11.62,91.67,47.22
supply,C2,R10INDIA+,cum_solar_twh,108.0,-24.15,-16.12,-11.68,-6.39,-0.13,11.68,69.16,0.0,0.0
supply,C2,R10LATIN_AM,cum_solar_twh,108.0,-25.15,-19.53,-15.32,-10.58,-3.72,15.32,17.82,94.44,24.07
supply,C2,R10MIDDLE_EAST,cum_solar_twh,108.0,-4.49,-2.01,-0.44,1.91,6.47,1.97,49.25,0.93,0.0
supply,C2,R10NORTH_AM,cum_solar_twh,108.0,-12.55,-8.67,-5.75,-0.3,2.06,5.75,30.96,1.85,0.0
supply,C2,R10PAC_OECD,cum_solar_twh,108.0,-50.02,-26.37,-14.08,0.29,9.79,15.59,35.36,48.15,1.85
supply,C2,R10REF_ECON,cum_solar_twh,108.0,79.64,213.72,308.15,732.44,1350.14,308.15,117.68,87.04,71.3
supply,C2,R10REST_ASIA,cum_solar_twh,108.0,-14.22,-8.39,-4.65,-0.12,3.08,4.82,67.25,2.78,0.0
supply,C2,WORLD,avg_elec_price,108.0,-15.98,-13.1,-10.72,-8.67,-7.24,10.72,32.62,12.96,0.0
supply,C2,R10AFRICA,avg_elec_price,108.0,-20.64,-15.65,-13.07,-9.42,-6.84,13.07,31.11,25.93,0.0
supply,C2,R10CHINA+,avg_elec_price,108.0,-20.01,-16.68,-12.09,-8.25,-5.92,12.09,48.8,0.0,0.0
supply,C2,R10EUROPE,avg_elec_price,108.0,-23.3,-14.31,-11.11,-8.12,-7.2,11.11,16.67,77.78,33.33
supply,C2,R10INDIA+,avg_elec_price,108.0,-9.81,-6.75,-5.41,-3.9,-1.97,5.41,31.21,2.78,0.0
supply,C2,R10LATIN_AM,avg_elec_price,108.0,-12.03,-11.02,-10.37,-9.74,-8.69,10.37,7.04,90.74,71.3
supply,C2,R10MIDDLE_EAST,avg_elec_price,108.0,-7.22,-5.76,-4.13,-2.69,-1.18,4.13,36.34,0.93,0.0
supply,C2,R10NORTH_AM,avg_elec_price,108.0,-20.07,-11.76,-10.4,-9.7,-8.93,10.4,15.68,77.78,27.78
supply,C2,R10PAC_OECD,avg_elec_price,108.0,-31.11,-24.49,-10.33,-6.55,-5.28,10.33,53.44,11.11,0.0
supply,C2,R10REF_ECON,avg_elec_price,108.0,-27.14,-20.48,-14.62,-8.12,-4.15,14.62,31.67,37.04,0.93
supply,C2,R10REST_ASIA,avg_elec_price,108.0,-10.83,-7.57,-6.11,-4.19,-2.56,6.11,37.5,0.0,0.0
supply,C2,WORLD,nonvre_cf,108.0,-11.01,-8.4,-6.55,-5.57,-3.95,6.55,32.83,4.63,0.0
supply,C2,R10AFRICA,nonvre_cf,108.0,-28.86,-21.27,-15.98,-12.95,-10.11,15.98,50.25,35.19,16.67
supply,C2,R10CHINA+,nonvre_cf,108.0,-15.8,-9.66,-6.91,-5.06,-3.15,6.91,39.21,5.56,0.0
supply,C2,R10EUROPE,nonvre_cf,108.0,-6.76,-3.86,-2.94,-2.02,0.24,2.96,23.4,3.7,0.0
supply,C2,R10INDIA+,nonvre_cf,108.0,-16.55,-11.94,-9.05,-5.57,0.21,9.05,26.92,24.07,7.41
supply,C2,R10LATIN_AM,nonvre_cf,108.0,-8.03,-5.89,-4.5,-3.21,-1.37,4.5,6.17,54.63,39.81
supply,C2,R10MIDDLE_EAST,nonvre_cf,108.0,-16.68,-4.45,-2.96,-1.67,1.36,2.99,12.04,36.11,20.37
supply,C2,R10NORTH_AM,nonvre_cf,108.0,-3.66,-2.37,-1.67,-0.97,0.24,1.67,34.14,0.0,0.0
supply,C2,R10PAC_OECD,nonvre_cf,108.0,-41.33,-21.72,-9.66,-5.25,-1.93,9.66,15.75,50.0,27.78
supply,C2,R10REF_ECON,nonvre_cf,108.0,-14.09,-7.63,-6.08,-3.19,-1.81,6.08,30.08,12.96,0.0
supply,C2,R10REST_ASIA,nonvre_cf,108.0,-6.92,-4.66,-2.58,-1.39,0.17,2.71,22.93,5.56,1.85
supply,C2,WORLD,npv_cost_bn,108.0,-7.76,-5.65,-3.48,-0.78,0.91,3.48,30.69,0.0,0.0
supply,C2,R10AFRICA,npv_cost_bn,108.0,-21.6,-17.04,-6.09,9.83,17.02,12.17,124.15,0.93,0.0
supply,C2,R10CHINA+,npv_cost_bn,108.0,-13.71,-9.46,-5.72,-1.12,3.23,5.72,39.22,0.0,0.0
supply,C2,R10EUROPE,npv_cost_bn,108.0,-4.88,-3.04,-1.48,0.36,2.92,2.18,17.4,0.93,0.0
supply,C2,R10INDIA+,npv_cost_bn,108.0,-10.82,-4.0,0.56,7.62,13.43,5.88,33.3,4.63,0.0
supply,C2,R10LATIN_AM,npv_cost_bn,108.0,-9.61,-8.53,-7.41,-6.41,-2.63,7.41,8.48,95.37,43.52
supply,C2,R10MIDDLE_EAST,npv_cost_bn,108.0,-6.51,-3.94,-2.6,-1.2,2.85,2.73,30.94,7.41,1.85
supply,C2,R10NORTH_AM,npv_cost_bn,108.0,-7.99,-7.0,-6.63,-6.15,-5.69,6.63,4.85,100.0,66.67
supply,C2,R10PAC_OECD,npv_cost_bn,108.0,-11.5,2.05,5.83,12.86,35.86,7.43,19.08,37.04,25.0
supply,C2,R10REF_ECON,npv_cost_bn,108.0,-7.62,-5.97,-2.25,-0.66,2.01,2.66,28.2,0.0,0.0
supply,C2,R10REST_ASIA,npv_cost_bn,108.0,-3.86,-2.02,-0.79,0.75,2.56,1.69,20.77,0.93,0.0
supply,C2,WORLD,cum_emissions_mt,108.0,-6.35,-3.74,-2.64,-1.56,-0.81,2.64,83.12,0.0,0.0
supply,C2,R10AFRICA,cum_emissions_mt,108.0,-30.61,-15.32,-8.15,-3.8,-0.82,8.15,80.89,11.11,2.78
supply,C2,R10CHINA+,cum_emissions_mt,108.0,-4.38,-3.0,-1.2,-0.83,-0.18,1.2,86.85,0.0,0.0
supply,C2,R10EUROPE,cum_emissions_mt,108.0,-7.74,-3.43,-1.81,-0.88,-0.4,1.81,60.78,0.0,0.0
supply,C2,R10INDIA+,cum_emissions_mt,108.0,-2.98,-2.02,-0.77,-0.38,0.57,0.88,93.62,0.0,0.0
supply,C2,R10LATIN_AM,cum_emissions_mt,108.0,-18.64,-8.83,-3.98,-1.29,2.32,4.51,55.12,15.74,5.56
supply,C2,R10MIDDLE_EAST,cum_emissions_mt,108.0,-6.18,-5.0,-3.17,-0.88,0.37,3.17,52.18,4.63,1.85
supply,C2,R10NORTH_AM,cum_emissions_mt,108.0,-2.76,-1.55,-1.16,-0.84,-0.53,1.16,84.78,0.0,0.0
supply,C2,R10PAC_OECD,cum_emissions_mt,108.0,-28.52,-15.01,-5.49,-3.3,-1.2,5.49,77.3,2.78,0.0
supply,C2,R10REF_ECON,cum_emissions_mt,108.0,-11.26,-7.89,-3.45,-0.48,-0.29,3.45,70.83,0.0,0.0
supply,C2,R10REST_ASIA,cum_emissions_mt,108.0,-1.78,-1.32,-1.0,-0.34,0.19,1.0,79.16,0.0,0.0
supply,C3,WORLD,cum_wind_twh,108.0,32.31,47.98,54.61,59.22,68.98,54.61,143.1,25.0,0.0
supply,C3,R10AFRICA,cum_wind_twh,108.0,965.7,1243.47,1427.3,1692.93,2568.44,1427.3,2176.68,68.52,33.33
supply,C3,R10CHINA+,cum_wind_twh,108.0,20.85,50.75,72.49,85.0,101.89,72.49,151.42,49.07,5.56
supply,C3,R10EUROPE,cum_wind_twh,108.0,10.82,17.45,21.44,32.37,56.71,21.44,201.01,0.0,0.0
supply,C3,R10INDIA+,cum_wind_twh,108.0,340.52,420.44,540.62,675.27,891.32,540.62,299.6,91.67,75.93
supply,C3,R10LATIN_AM,cum_wind_twh,108.0,2.74,6.38,18.85,35.94,47.22,18.85,28.4,56.48,29.63
supply,C3,R10MIDDLE_EAST,cum_wind_twh,108.0,-22.21,-22.21,149.05,221.71,592.74,149.05,301.27,52.78,49.07
supply,C3,R10NORTH_AM,cum_wind_twh,108.0,-0.69,6.43,11.1,15.42,16.7,11.1,76.9,0.0,0.0
supply,C3,R10PAC_OECD,cum_wind_twh,108.0,77.65,153.37,283.13,747.91,1233.43,283.13,237.27,70.37,33.33
supply,C3,R10REF_ECON,cum_wind_twh,108.0,33.18,49.8,76.31,116.18,263.6,76.31,963.79,0.93,0.0
supply,C3,R10REST_ASIA,cum_wind_twh,108.0,7.91,7.91,124.49,222.6,434.84,124.49,4.27,100.0,98.15
supply,C3,WORLD,cum_solar_twh,108.0,-15.2,-12.6,-9.71,-6.7,-3.09,9.71,45.17,0.0,0.0
supply,C3,R10AFRICA,cum_solar_twh,108.0,-33.08,-26.8,-21.58,-14.22,-6.73,21.58,22.64,95.37,46.3
supply,C3,R10CHINA+,cum_solar_twh,108.0,-23.07,-15.93,-8.37,2.7,14.36,11.37,62.72,4.63,0.0
supply,C3,R10EUROPE,cum_solar_twh,108.0,-27.19,-20.31,-15.17,-9.9,-5.84,15.17,31.94,50.93,25.93
supply,C3,R10INDIA+,cum_solar_twh,108.0,-27.23,-18.63,-14.41,-10.09,-3.04,14.41,46.99,16.67,0.0
supply,C3,R10LATIN_AM,cum_solar_twh,108.0,-30.93,-22.46,-16.91,-12.11,-4.69,16.91,21.07,97.22,32.41
supply,C3,R10MIDDLE_EAST,cum_solar_twh,108.0,-2.99,-0.55,1.09,2.6,4.93,1.75,42.75,0.93,0.0
supply,C3,R10NORTH_AM,cum_solar_twh,108.0,-38.49,-23.45,-11.76,-0.63,2.29,11.76,67.65,0.0,0.0
supply,C3,R10PAC_OECD,cum_solar_twh,108.0,-72.77,-54.41,-6.72,1.59,14.41,11.02,62.8,38.89,0.0
supply,C3,R10REF_ECON,cum_solar_twh,108.0,65.44,257.01,330.03,465.6,2218.02,330.03,345.68,63.89,57.41
supply,C3,R10REST_ASIA,cum_solar_twh,108.0,-11.2,-5.87,-3.54,-1.52,1.1,3.55,25.44,19.44,10.19
supply,C3,WORLD,avg_elec_price,108.0,-15.7,-12.71,-10.47,-8.71,-7.28,10.47,30.53,22.22,0.0
supply,C3,R10AFRICA,avg_elec_price,108.0,-22.5,-17.09,-14.45,-11.75,-7.28,14.45,25.75,54.63,4.63
supply,C3,R10CHINA+,avg_elec_price,108.0,-20.48,-15.21,-11.99,-10.09,-8.02,11.99,35.69,14.81,0.0
supply,C3,R10EUROPE,avg_elec_price,108.0,-17.0,-10.82,-9.2,-7.48,-5.9,9.2,17.53,51.85,33.33
supply,C3,R10INDIA+,avg_elec_price,108.0,-9.79,-6.4,-4.7,-3.13,-2.18,4.7,28.0,9.26,0.93
supply,C3,R10LATIN_AM,avg_elec_price,108.0,-12.41,-11.5,-10.65,-10.03,-9.03,10.65,8.43,90.74,70.37
supply,C3,R10MIDDLE_EAST,avg_elec_price,108.0,-6.54,-5.04,-4.27,-2.41,-1.04,4.27,36.73,0.0,0.0
supply,C3,R10NORTH_AM,avg_elec_price,108.0,-17.48,-13.23,-11.09,-9.92,-8.51,11.09,23.0,44.44,10.19
supply,C3,R10PAC_OECD,avg_elec_price,108.0,-26.14,-18.46,-6.55,-5.69,-4.98,6.55,55.02,7.41,0.0
supply,C3,R10REF_ECON,avg_elec_price,108.0,-31.22,-25.64,-15.44,-4.23,-1.79,15.44,43.02,23.15,0.0
supply,C3,R10REST_ASIA,avg_elec_price,108.0,-7.27,-5.44,-3.97,-0.46,0.6,3.97,28.4,0.0,0.0
supply,C3,WORLD,nonvre_cf,108.0,-12.57,-9.2,-7.73,-5.7,-4.33,7.73,31.65,4.63,0.0
supply,C3,R10AFRICA,nonvre_cf,108.0,-34.56,-22.74,-17.65,-13.7,-9.81,17.65,48.12,38.89,20.37
supply,C3,R10CHINA+,nonvre_cf,108.0,-15.23,-10.2,-7.56,-4.64,0.19,7.56,29.7,6.48,0.0
supply,C3,R10EUROPE,nonvre_cf,108.0,-9.23,-4.49,-3.34,-1.94,0.07,3.34,36.66,0.0,0.0
supply,C3,R10INDIA+,nonvre_cf,108.0,-19.59,-15.09,-11.35,-7.87,-3.06,11.35,20.46,52.78,22.22
supply,C3,R10LATIN_AM,nonvre_cf,108.0,-7.91,-6.44,-4.83,-2.88,-0.91,4.83,11.74,25.93,11.11
supply,C3,R10MIDDLE_EAST,nonvre_cf,108.0,-7.18,-4.27,-2.98,-1.27,0.9,3.2,11.49,29.63,12.04
supply,C3,R10NORTH_AM,nonvre_cf,108.0,-6.28,-3.88,-2.2,-1.07,1.06,2.2,40.89,0.0,0.0
supply,C3,R10PAC_OECD,nonvre_cf,108.0,-44.57,-31.33,-9.78,-5.67,-2.47,9.78,12.92,46.3,37.04
supply,C3,R10REF_ECON,nonvre_cf,108.0,-15.7,-10.42,-7.6,-6.53,-3.49,7.6,29.18,29.63,12.04
supply,C3,R10REST_ASIA,nonvre_cf,108.0,-5.2,-3.76,-2.89,-0.88,0.23,2.89,20.34,7.41,4.63
supply,C3,WORLD,npv_cost_bn,108.0,-6.97,-3.37,-1.32,0.14,1.81,1.84,23.77,0.0,0.0
supply,C3,R10AFRICA,npv_cost_bn,108.0,-22.85,-10.69,-2.84,8.2,18.62,8.77,61.59,18.52,9.26
supply,C3,R10CHINA+,npv_cost_bn,108.0,-9.91,-6.29,-2.29,0.12,3.51,3.03,5.57,56.48,31.48
supply,C3,R10EUROPE,npv_cost_bn,108.0,-6.79,-4.47,-2.81,-0.77,4.81,3.03,50.92,0.0,0.0
supply,C3,R10INDIA+,npv_cost_bn,108.0,-4.84,2.32,7.66,11.94,16.89,8.62,10.32,61.11,49.07
supply,C3,R10LATIN_AM,npv_cost_bn,108.0,-10.07,-8.89,-7.68,-6.19,-4.11,7.68,7.13,51.85,50.0
supply,C3,R10MIDDLE_EAST,npv_cost_bn,108.0,-4.94,-2.83,-1.73,-0.35,2.49,2.13,25.04,8.33,4.63
supply,C3,R10NORTH_AM,npv_cost_bn,108.0,-9.33,-7.88,-7.15,-5.9,-4.75,7.15,22.29,0.0,0.0
supply,C3,R10PAC_OECD,npv_cost_bn,108.0,-13.16,2.66,9.65,22.83,41.9,11.34,38.79,32.41,26.85
supply,C3,R10REF_ECON,npv_cost_bn,108.0,-9.42,-6.37,-0.44,2.66,5.67,4.26,48.15,0.0,0.0
supply,C3,R10REST_ASIA,npv_cost_bn,108.0,-2.2,-1.45,-1.01,-0.09,1.27,1.09,6.72,12.04,7.41
supply,C3,WORLD,cum_emissions_mt,108.0,-5.36,-3.5,-2.85,-2.27,-0.88,2.85,83.97,0.0,0.0
supply,C3,R10AFRICA,cum_emissions_mt,108.0,-9.54,-4.77,-3.03,-2.26,-0.28,3.03,88.33,0.0,0.0
supply,C3,R10CHINA+,cum_emissions_mt,108.0,-3.65,-2.2,-1.32,-0.82,-0.17,1.32,88.25,0.0,0.0
supply,C3,R10EUROPE,cum_emissions_mt,108.0,-11.52,-5.24,-2.62,-1.22,-0.43,2.62,70.7,0.0,0.0
supply,C3,R10INDIA+,cum_emissions_mt,108.0,-3.58,-2.68,-1.89,-0.81,0.29,1.9,91.67,0.0,0.0
supply,C3,R10LATIN_AM,cum_emissions_mt,108.0,-6.93,-4.63,-2.6,-1.49,-0.16,2.64,63.32,0.0,0.0
supply,C3,R10MIDDLE_EAST,cum_emissions_mt,108.0,-8.22,-5.68,-3.11,-1.03,0.07,3.27,52.66,1.85,0.93
supply,C3,R10NORTH_AM,cum_emissions_mt,108.0,-5.01,-3.34,-1.32,-0.75,-0.32,1.32,85.68,0.0,0.0
supply,C3,R10PAC_OECD,cum_emissions_mt,108.0,-40.64,-29.94,-8.82,-4.92,-2.32,8.82,60.3,31.48,0.0
supply,C3,R10REF_ECON,cum_emissions_mt,108.0,-18.69,-11.96,-7.7,-1.96,-0.3,7.7,67.22,0.93,0.0
supply,C3,R10REST_ASIA,cum_emissions_mt,108.0,-1.2,-0.81,-0.46,-0.12,0.31,0.48,83.17,0.0,0.0
supply,C4,WORLD,cum_wind_twh,108.0,36.09,45.45,51.55,56.36,73.37,51.55,83.05,65.74,22.22
supply,C4,R10AFRICA,cum_wind_twh,108.0,487.5,1017.17,1296.24,1520.48,1957.86,1296.24,989.73,96.3,62.04
supply,C4,R10CHINA+,cum_wind_twh,108.0,5.47,50.0,81.63,99.72,131.34,81.63,89.24,71.3,41.67
supply,C4,R10EUROPE,cum_wind_twh,108.0,14.79,20.94,27.72,48.47,90.23,27.72,151.68,16.67,1.85
supply,C4,R10INDIA+,cum_wind_twh,108.0,311.27,435.74,618.97,766.61,860.55,618.97,67.73,98.15,95.37
supply,C4,R10LATIN_AM,cum_wind_twh,108.0,2.34,4.4,9.65,29.03,71.47,9.65,23.05,37.96,21.3
supply,C4,R10MIDDLE_EAST,cum_wind_twh,108.0,-22.21,-22.21,13.54,88.88,155.58,22.21,0.0,62.04,58.33
supply,C4,R10NORTH_AM,cum_wind_twh,108.0,1.44,5.97,8.34,10.06,13.15,8.34,48.98,0.0,0.0
supply,C4,R10PAC_OECD,cum_wind_twh,108.0,52.77,86.95,183.42,533.47,645.43,183.42,127.47,83.33,45.37
supply,C4,R10REF_ECON,cum_wind_twh,108.0,-31.84,13.76,107.31,186.39,285.27,107.31,591.01,32.41,11.11
supply,C4,R10REST_ASIA,cum_wind_twh,108.0,7.91,7.91,56.84,105.09,177.5,56.84,0.0,100.0,100.0
supply,C4,WORLD,cum_solar_twh,108.0,-13.22,-11.2,-8.76,-6.59,-3.36,8.76,13.09,75.0,22.22
supply,C4,R10AFRICA,cum_solar_twh,108.0,-29.56,-23.94,-15.2,-2.97,24.39,19.41,13.51,66.67,56.48
supply,C4,R10CHINA+,cum_solar_twh,108.0,-23.09,-18.04,-9.36,0.65,8.01,10.07,44.21,12.96,0.93
supply,C4,R10EUROPE,cum_solar_twh,108.0,-33.72,-21.22,-16.51,-11.95,-7.98,16.51,18.42,83.33,39.81
supply,C4,R10INDIA+,cum_solar_twh,108.0,-27.88,-23.48,-17.21,-10.57,-6.01,17.21,7.12,96.3,75.93
supply,C4,R10LATIN_AM,cum_solar_twh,108.0,-16.87,-13.7,-11.36,-8.6,-3.42,11.36,8.0,85.19,64.81
supply,C4,R10MIDDLE_EAST,cum_solar_twh,108.0,-0.49,0.48,1.08,2.32,5.55,1.26,14.63,12.04,2.78
supply,C4,R10NORTH_AM,cum_solar_twh,108.0,-14.06,-9.91,-7.15,-4.07,1.97,7.15,38.23,1.85,0.0
supply,C4,R10PAC_OECD,cum_solar_twh,108.0,-71.29,-42.46,-10.39,-3.55,3.68,10.39,44.09,45.37,7.41
supply,C4,R10REF_ECON,cum_solar_twh,108.0,49.56,144.45,291.93,824.29,1456.68,291.93,93.66,91.67,80.56
supply,C4,R10REST_ASIA,cum_solar_twh,108.0,-4.81,-2.89,-1.5,-0.21,1.66,1.71,13.65,17.59,11.11
supply,C4,WORLD,avg_elec_price,108.0,-14.06,-10.97,-9.4,-7.5,-5.75,9.4,19.2,47.22,12.04
supply,C4,R10AFRICA,avg_elec_price,108.0,-18.0,-13.77,-10.6,-5.84,-1.8,10.6,19.64,61.11,25.0
supply,C4,R10CHINA+,avg_elec_price,108.0,-18.31,-14.24,-12.13,-9.1,-5.13,12.13,25.62,29.63,3.7
supply,C4,R10EUROPE,avg_elec_price,108.0,-16.26,-11.22,-9.24,-7.3,-5.44,9.24,15.31,68.52,35.19
supply,C4,R10INDIA+,avg_elec_price,108.0,-10.03,-7.58,-4.18,-3.11,-1.7,4.18,19.21,24.07,5.56
supply,C4,R10LATIN_AM,avg_elec_price,108.0,-12.38,-11.26,-10.49,-9.46,-7.18,10.49,4.92,100.0,88.89
supply,C4,R10MIDDLE_EAST,avg_elec_price,108.0,-4.79,-3.16,-2.44,-1.81,-1.09,2.44,14.14,16.67,8.33
supply,C4,R10NORTH_AM,avg_elec_price,108.0,-15.42,-12.64,-11.51,-9.94,-8.42,11.51,15.08,81.48,32.41
supply,C4,R10PAC_OECD,avg_elec_price,108.0,-21.52,-11.8,-6.32,-5.43,-2.24,6.32,40.63,1.85,0.0
supply,C4,R10REF_ECON,avg_elec_price,108.0,-15.9,-12.08,-6.6,-2.46,-0.12,6.6,23.21,35.19,6.48
supply,C4,R10REST_ASIA,avg_elec_price,108.0,-6.42,-4.88,-2.16,0.18,0.72,2.16,14.59,9.26,1.85
supply,C4,WORLD,nonvre_cf,108.0,-12.67,-9.36,-7.77,-6.32,-5.2,7.77,22.11,27.78,0.93
supply,C4,R10AFRICA,nonvre_cf,108.0,-32.22,-24.52,-17.73,-14.79,-11.77,17.73,27.86,69.44,37.96
supply,C4,R10CHINA+,nonvre_cf,108.0,-19.09,-12.24,-8.72,-5.17,-0.7,8.72,21.64,32.41,4.63
supply,C4,R10EUROPE,nonvre_cf,108.0,-12.29,-7.67,-4.92,-3.57,-1.79,4.92,26.69,17.59,6.48
supply,C4,R10INDIA+,nonvre_cf,108.0,-21.56,-16.58,-13.71,-8.26,-4.2,13.71,15.66,74.07,35.19
supply,C4,R10LATIN_AM,nonvre_cf,108.0,-18.77,-5.93,-4.09,-2.9,-1.45,4.09,7.64,57.41,30.56
supply,C4,R10MIDDLE_EAST,nonvre_cf,108.0,-6.6,-2.51,-1.13,-0.72,0.02,1.13,8.88,14.81,6.48
supply,C4,R10NORTH_AM,nonvre_cf,108.0,-5.21,-4.52,-3.44,-1.75,-0.12,3.44,32.81,0.0,0.0
supply,C4,R10PAC_OECD,nonvre_cf,108.0,-23.11,-16.78,-6.31,-3.17,-2.12,6.31,10.79,54.63,40.74
supply,C4,R10REF_ECON,nonvre_cf,108.0,-17.62,-8.3,-6.35,-4.98,-3.4,6.35,11.69,49.07,32.41
supply,C4,R10REST_ASIA,nonvre_cf,108.0,-3.58,-2.96,-2.44,-1.18,-0.24,2.44,13.98,9.26,4.63
supply,C4,WORLD,npv_cost_bn,108.0,-3.14,-0.55,0.44,1.33,2.62,1.22,6.41,15.74,5.56
supply,C4,R10AFRICA,npv_cost_bn,108.0,-11.57,-1.5,5.49,9.68,17.6,6.88,21.89,25.0,21.3
supply,C4,R10CHINA+,npv_cost_bn,108.0,-6.51,-2.39,0.72,3.45,5.99,3.05,10.38,25.93,15.74
supply,C4,R10EUROPE,npv_cost_bn,108.0,-5.59,-3.74,-0.02,2.56,9.04,3.13,26.25,3.7,0.0
supply,C4,R10INDIA+,npv_cost_bn,108.0,1.52,5.88,10.08,13.61,16.1,10.23,17.6,57.41,18.52
supply,C4,R10LATIN_AM,npv_cost_bn,108.0,-8.4,-7.55,-6.5,-5.33,8.11,7.3,18.71,36.11,33.33
supply,C4,R10MIDDLE_EAST,npv_cost_bn,108.0,-4.31,-1.63,-1.16,-0.61,1.16,1.25,22.98,10.19,7.41
supply,C4,R10NORTH_AM,npv_cost_bn,108.0,-7.53,-6.86,-6.35,-5.76,-5.2,6.35,5.88,100.0,53.7
supply,C4,R10PAC_OECD,npv_cost_bn,108.0,-2.87,0.95,2.56,9.04,21.67,3.17,11.93,39.81,30.56
supply,C4,R10REF_ECON,npv_cost_bn,108.0,-4.01,-0.93,1.29,3.96,13.6,2.5,19.29,28.7,15.74
supply,C4,R10REST_ASIA,npv_cost_bn,108.0,-2.41,-1.3,-0.72,-0.16,0.94,0.82,32.4,0.0,0.0
supply,C4,WORLD,cum_emissions_mt,108.0,-4.49,-3.01,-2.26,-1.83,-1.22,2.26,77.82,0.0,0.0
supply,C4,R10AFRICA,cum_emissions_mt,108.0,-10.61,-6.8,-4.06,-2.12,0.46,4.06,73.47,0.0,0.0
supply,C4,R10CHINA+,cum_emissions_mt,108.0,-4.88,-3.02,-1.9,-1.12,-0.46,1.9,81.12,0.0,0.0
supply,C4,R10EUROPE,cum_emissions_mt,108.0,-18.24,-10.95,-4.73,-1.47,0.76,4.73,68.87,5.56,0.0
supply,C4,R10INDIA+,cum_emissions_mt,108.0,-4.02,-2.38,-1.68,-0.88,0.53,1.68,83.16,0.0,0.0
supply,C4,R10LATIN_AM,cum_emissions_mt,108.0,-34.27,-7.47,-2.42,-1.02,-0.13,2.42,72.05,19.44,7.41
supply,C4,R10MIDDLE_EAST,cum_emissions_mt,108.0,-4.03,-2.69,-1.67,-0.75,0.06,1.67,45.31,0.0,0.0
supply,C4,R10NORTH_AM,cum_emissions_mt,108.0,-3.35,-2.77,-1.66,-1.02,-0.59,1.66,86.39,0.0,0.0
supply,C4,R10PAC_OECD,cum_emissions_mt,108.0,-10.52,-2.27,-1.43,-0.07,3.99,1.95,81.86,0.0,0.0
supply,C4,R10REF_ECON,cum_emissions_mt,108.0,-8.56,-4.67,-2.84,-1.41,0.62,2.84,59.97,0.0,0.0
supply,C4,R10REST_ASIA,cum_emissions_mt,108.0,-1.12,-0.78,-0.56,-0.12,0.24,0.59,80.83,0.0,0.0
supply,C7,WORLD,cum_wind_twh,96.0,37.19,40.89,49.22,66.02,83.7,49.22,18.26,100.0,93.75
supply,C7,R10AFRICA,cum_wind_twh,96.0,-10.34,-6.92,555.43,2182.61,3831.27,555.43,0.0,100.0,100.0
supply,C7,R10CHINA+,cum_wind_twh,96.0,2.43,8.74,40.14,105.66,152.74,40.14,0.07,94.79,92.71
supply,C7,R10EUROPE,cum_wind_twh,96.0,9.07,15.12,22.28,36.48,78.2,22.28,13.69,84.38,61.46
supply,C7,R10INDIA+,cum_wind_twh,96.0,19.53,62.35,352.41,480.87,927.26,352.41,1.32,100.0,100.0
supply,C7,R10LATIN_AM,cum_wind_twh,96.0,2.61,5.2,14.51,81.09,101.47,14.51,6.56,91.67,69.79
supply,C7,R10MIDDLE_EAST,cum_wind_twh,96.0,-23.96,-22.21,-4.34,13.67,64.23,22.21,0.0,100.0,98.96
supply,C7,R10NORTH_AM,cum_wind_twh,96.0,6.04,10.53,47.86,70.59,97.87,47.86,37.89,66.67,62.5
supply,C7,R10PAC_OECD,cum_wind_twh,96.0,1.44,1.44,86.75,109.45,297.82,86.75,0.73,100.0,100.0
supply,C7,R10REF_ECON,cum_wind_twh,96.0,-1.32,0.95,65.63,152.35,294.3,65.63,77.66,51.04,41.67
supply,C7,R10REST_ASIA,cum_wind_twh,96.0,-8.3,7.91,20.04,217.46,348.35,20.04,0.0,100.0,100.0
supply,C7,WORLD,cum_solar_twh,96.0,-7.26,-3.48,-0.66,1.16,2.71,2.05,9.2,18.75,8.33
supply,C7,R10AFRICA,cum_solar_twh,96.0,-35.55,-17.33,11.36,24.63,42.59,23.43,18.95,87.5,48.96
supply,C7,R10CHINA+,cum_solar_twh,96.0,-7.93,3.2,7.56,11.78,20.43,9.05,12.07,60.42,30.21
supply,C7,R10EUROPE,cum_solar_twh,96.0,-25.97,-16.44,-8.6,-2.82,-0.8,8.6,7.3,70.83,52.08
supply,C7,R10INDIA+,cum_solar_twh,96.0,-18.72,-8.39,-3.36,0.39,2.89,3.87,15.44,26.04,7.29
supply,C7,R10LATIN_AM,cum_solar_twh,96.0,-19.61,-15.76,-10.69,-5.68,-1.99,10.69,4.28,94.79,86.46
supply,C7,R10MIDDLE_EAST,cum_solar_twh,96.0,-0.25,0.78,1.67,2.91,5.17,1.67,7.33,21.88,8.33
supply,C7,R10NORTH_AM,cum_solar_twh,96.0,-40.56,-21.73,-11.69,2.52,6.82,11.69,10.16,79.17,63.54
supply,C7,R10PAC_OECD,cum_solar_twh,96.0,-3.73,-0.95,0.12,1.65,1.65,0.95,0.0,83.33,75.0
supply,C7,R10REF_ECON,cum_solar_twh,96.0,3.4,12.44,35.51,446.33,881.34,35.51,20.2,81.25,67.71
supply,C7,R10REST_ASIA,cum_solar_twh,96.0,-4.23,-1.28,0.55,4.7,8.48,1.75,12.67,23.96,8.33
supply,C7,WORLD,avg_elec_price,96.0,-6.07,-5.13,-3.47,-2.87,-2.29,3.47,6.23,59.38,19.79
supply,C7,R10AFRICA,avg_elec_price,96.0,-7.59,-4.25,-3.1,-1.91,-1.07,3.1,5.68,55.21,20.83
supply,C7,R10CHINA+,avg_elec_price,96.0,-5.33,-3.01,-1.13,-0.87,-0.57,1.13,6.32,27.08,8.33
supply,C7,R10EUROPE,avg_elec_price,96.0,-13.91,-8.91,-4.74,-3.29,-0.87,4.74,5.86,83.33,26.04
supply,C7,R10INDIA+,avg_elec_price,96.0,-3.5,-2.69,-1.88,-1.07,-0.47,1.88,5.63,33.33,11.46
supply,C7,R10LATIN_AM,avg_elec_price,96.0,-12.19,-11.09,-10.21,-8.14,-5.69,10.21,3.78,100.0,90.62
supply,C7,R10MIDDLE_EAST,avg_elec_price,96.0,-2.21,-1.85,-1.63,-1.08,-0.86,1.63,7.87,22.92,4.17
supply,C7,R10NORTH_AM,avg_elec_price,96.0,-12.5,-11.57,-10.62,-8.83,-7.23,10.62,3.89,100.0,93.75
supply,C7,R10PAC_OECD,avg_elec_price,96.0,-3.31,-2.33,-1.03,-0.12,-0.0,1.03,9.0,21.88,17.71
supply,C7,R10REF_ECON,avg_elec_price,96.0,-6.68,-2.78,-0.99,-0.29,0.08,0.99,8.46,38.54,16.67
supply,C7,R10REST_ASIA,avg_elec_price,96.0,-3.23,-1.83,-1.09,0.03,0.35,1.13,6.85,5.21,1.04
supply,C7,WORLD,nonvre_cf,96.0,-12.63,-8.64,-7.35,-6.65,-6.05,7.35,5.32,100.0,75.0
supply,C7,R10AFRICA,nonvre_cf,96.0,-36.42,-20.58,-13.12,-8.09,-5.82,13.12,6.34,100.0,84.38
supply,C7,R10CHINA+,nonvre_cf,96.0,-16.69,-8.74,-4.81,-2.75,-1.59,4.81,2.01,90.62,77.08
supply,C7,R10EUROPE,nonvre_cf,96.0,-11.58,-7.0,-4.4,-3.35,-1.82,4.4,5.41,71.88,41.67
supply,C7,R10INDIA+,nonvre_cf,96.0,-17.25,-7.96,-4.8,-1.81,-0.35,4.8,4.38,68.75,52.08
supply,C7,R10LATIN_AM,nonvre_cf,96.0,-23.52,-17.35,-7.16,-5.53,-3.25,7.16,5.73,78.12,68.75
supply,C7,R10MIDDLE_EAST,nonvre_cf,96.0,-4.44,-2.41,-0.92,-0.42,0.13,0.96,2.73,34.38,20.83
supply,C7,R10NORTH_AM,nonvre_cf,96.0,-38.43,-34.83,-23.39,-6.32,-4.34,23.39,19.28,66.67,57.29
supply,C7,R10PAC_OECD,nonvre_cf,96.0,-9.26,-4.86,-3.21,-0.14,0.1,3.21,0.54,86.46,68.75
supply,C7,R10REF_ECON,nonvre_cf,96.0,-13.6,-5.73,-1.96,-0.55,0.01,1.96,3.47,42.71,32.29
supply,C7,R10REST_ASIA,nonvre_cf,96.0,-4.53,-3.51,-2.22,-0.99,-0.09,2.22,3.67,53.12,25.0
supply,C7,WORLD,npv_cost_bn,96.0,1.32,1.67,2.13,2.98,5.72,2.13,4.56,60.42,18.75
supply,C7,R10AFRICA,npv_cost_bn,96.0,2.13,6.37,12.02,25.79,39.57,12.02,11.82,90.62,72.92
supply,C7,R10CHINA+,npv_cost_bn,96.0,-0.64,0.61,2.27,4.62,10.45,2.33,3.3,42.71,31.25
supply,C7,R10EUROPE,npv_cost_bn,96.0,-0.32,0.21,0.92,2.25,8.86,0.92,1.81,48.96,31.25
supply,C7,R10INDIA+,npv_cost_bn,96.0,-0.42,0.32,3.17,6.16,16.47,3.23,7.54,50.0,29.17
supply,C7,R10LATIN_AM,npv_cost_bn,96.0,-9.81,-8.13,-7.05,5.62,9.93,7.77,2.68,81.25,79.17
supply,C7,R10MIDDLE_EAST,npv_cost_bn,96.0,-3.05,-2.15,-1.77,-0.84,-0.18,1.77,3.81,53.12,26.04
supply,C7,R10NORTH_AM,npv_cost_bn,96.0,-8.07,-6.8,0.1,4.37,8.31,6.03,7.94,80.21,28.12
supply,C7,R10PAC_OECD,npv_cost_bn,96.0,-0.26,-0.1,0.7,1.39,5.95,0.7,3.5,38.54,25.0
supply,C7,R10REF_ECON,npv_cost_bn,96.0,-0.09,0.03,2.42,6.45,15.22,2.42,5.46,32.29,21.88
supply,C7,R10REST_ASIA,npv_cost_bn,96.0,-1.01,-0.36,0.7,1.69,2.65,0.92,4.51,28.12,13.54
supply,C7,WORLD,cum_emissions_mt,96.0,-19.08,-14.65,-11.34,-10.18,-8.58,11.34,9.48,87.5,59.38
supply,C7,R10AFRICA,cum_emissions_mt,96.0,-34.04,-20.82,-11.47,-6.47,-5.28,11.47,8.2,98.96,73.96
supply,C7,R10CHINA+,cum_emissions_mt,96.0,-23.4,-12.88,-8.16,-4.3,-2.33,8.16,5.89,79.17,43.75
supply,C7,R10EUROPE,cum_emissions_mt,96.0,-21.84,-16.1,-9.55,-5.8,-2.82,9.55,13.25,62.5,41.67
supply,C7,R10INDIA+,cum_emissions_mt,96.0,-19.99,-11.36,-6.07,-2.82,-0.38,6.07,15.12,33.33,11.46
supply,C7,R10LATIN_AM,cum_emissions_mt,96.0,-71.04,-47.34,-24.14,-15.76,-11.45,24.14,27.54,70.83,62.5
supply,C7,R10MIDDLE_EAST,cum_emissions_mt,96.0,-5.01,-2.94,-1.92,-1.3,-0.05,1.92,8.56,19.79,7.29
supply,C7,R10NORTH_AM,cum_emissions_mt,96.0,-81.8,-73.74,-56.24,-22.02,-12.76,56.24,39.48,75.0,58.33
supply,C7,R10PAC_OECD,cum_emissions_mt,96.0,-25.64,-11.93,-6.74,-0.46,-0.19,6.74,5.49,68.75,50.0
supply,C7,R10REF_ECON,cum_emissions_mt,96.0,-14.83,-8.88,-3.59,-0.54,0.02,3.59,2.84,65.62,37.5
supply,C7,R10REST_ASIA,cum_emissions_mt,96.0,-10.02,-7.64,-4.82,-0.58,0.73,4.82,12.59,35.42,17.71
temporal,C1,WORLD,cum_wind_twh,36.0,-3.48,0.95,4.0,6.37,9.7,4.5,134.68,0.0,0.0
temporal,C1,R10CHINA+,cum_wind_twh,36.0,-23.88,-4.22,9.83,19.86,32.52,16.23,161.11,0.0,0.0
temporal,C1,R10EUROPE,cum_wind_twh,36.0,10.21,18.44,25.2,31.47,40.59,25.2,102.87,0.0,0.0
temporal,C1,R10INDIA+,cum_wind_twh,36.0,-582.43,-474.56,-245.22,-105.76,-44.44,245.22,951.57,0.0,0.0
temporal,C1,R10NORTH_AM,cum_wind_twh,36.0,3.77,6.82,10.61,16.54,25.5,10.61,43.15,0.0,0.0
temporal,C1,R10PAC_OECD,cum_wind_twh,36.0,-65.69,-14.79,-0.1,22.62,44.38,23.05,179.5,8.33,0.0
temporal,C1,WORLD,cum_solar_twh,36.0,9.29,12.28,13.35,14.23,16.24,13.35,38.99,19.44,0.0
temporal,C1,R10CHINA+,cum_solar_twh,36.0,16.82,20.01,25.35,30.49,36.67,25.35,25.45,91.67,69.44
temporal,C1,R10EUROPE,cum_solar_twh,36.0,-25.35,-22.21,-18.2,-14.52,-10.81,18.2,12.16,100.0,72.22
temporal,C1,R10INDIA+,cum_solar_twh,36.0,20.61,30.06,34.9,40.45,49.2,34.9,70.21,52.78,0.0
temporal,C1,R10NORTH_AM,cum_solar_twh,36.0,-15.73,-7.42,-4.98,5.04,13.67,6.93,50.89,0.0,0.0
temporal,C1,R10PAC_OECD,cum_solar_twh,36.0,-15.2,-5.72,-1.77,7.37,19.02,6.55,17.36,36.11,5.56
temporal,C1,WORLD,avg_elec_price,36.0,9.82,10.69,11.53,13.71,17.75,11.53,39.61,16.67,0.0
temporal,C1,R10CHINA+,avg_elec_price,36.0,6.27,11.66,15.15,20.21,34.19,15.15,53.31,22.22,8.33
temporal,C1,R10EUROPE,avg_elec_price,36.0,6.87,8.63,9.26,10.4,11.41,9.26,15.88,58.33,38.89
temporal,C1,R10INDIA+,avg_elec_price,36.0,6.52,9.19,10.47,11.89,16.51,10.47,42.44,2.78,0.0
temporal,C1,R10NORTH_AM,avg_elec_price,36.0,10.7,15.07,18.13,23.28,31.86,18.13,25.84,75.0,25.0
temporal,C1,R10PAC_OECD,avg_elec_price,36.0,7.51,8.85,11.05,12.16,14.1,11.05,53.36,0.0,0.0
temporal,C1,WORLD,nonvre_cf,36.0,-23.83,-22.76,-22.21,-20.54,-19.13,22.21,29.88,100.0,0.0
temporal,C1,R10CHINA+,nonvre_cf,36.0,-36.65,-33.79,-32.08,-29.75,-25.74,32.08,27.93,97.22,77.78
temporal,C1,R10EUROPE,nonvre_cf,36.0,-17.83,-16.79,-16.17,-14.98,-13.48,16.17,23.59,88.89,0.0
temporal,C1,R10INDIA+,nonvre_cf,36.0,-39.2,-38.07,-34.74,-32.13,-27.31,34.74,20.92,100.0,94.44
temporal,C1,R10NORTH_AM,nonvre_cf,36.0,-22.14,-19.53,-17.24,-15.4,-13.77,17.24,29.05,63.89,5.56
temporal,C1,R10PAC_OECD,nonvre_cf,36.0,-28.18,-26.27,-24.16,-18.68,-15.35,24.16,13.37,77.78,66.67
temporal,C1,WORLD,npv_cost_bn,36.0,11.74,12.81,13.46,14.63,15.99,13.46,45.59,0.0,0.0
temporal,C1,R10CHINA+,npv_cost_bn,36.0,22.03,23.02,24.47,25.97,28.85,24.47,30.6,94.44,44.44
temporal,C1,R10EUROPE,npv_cost_bn,36.0,6.27,7.67,8.19,8.99,10.55,8.19,36.26,0.0,0.0
temporal,C1,R10INDIA+,npv_cost_bn,36.0,3.99,9.4,13.72,19.11,25.86,13.72,55.75,0.0,0.0
temporal,C1,R10LATIN_AM,npv_cost_bn,27.0,6.41,7.57,9.73,11.74,12.81,9.73,17.08,59.26,11.11
temporal,C1,R10NORTH_AM,npv_cost_bn,36.0,6.73,7.45,8.09,9.47,12.85,8.09,24.61,8.33,0.0
temporal,C1,R10PAC_OECD,npv_cost_bn,36.0,1.41,5.2,6.98,8.54,11.05,6.98,34.51,0.0,0.0
temporal,C1,WORLD,cum_emissions_mt,36.0,0.21,0.43,1.41,1.74,2.64,1.41,92.37,0.0,0.0
temporal,C1,R10CHINA+,cum_emissions_mt,36.0,0.21,0.71,0.92,1.4,2.15,0.92,96.66,0.0,0.0
temporal,C1,R10EUROPE,cum_emissions_mt,36.0,-0.61,-0.05,0.62,1.35,2.0,0.67,88.38,0.0,0.0
temporal,C1,R10INDIA+,cum_emissions_mt,36.0,-0.09,0.28,0.94,1.99,3.97,0.94,97.44,0.0,0.0
temporal,C1,R10NORTH_AM,cum_emissions_mt,36.0,-2.27,-1.47,-0.03,0.49,2.89,1.18,88.17,0.0,0.0
temporal,C1,R10PAC_OECD,cum_emissions_mt,36.0,-1.69,-0.23,0.45,1.77,3.74,1.02,77.36,0.0,0.0
temporal,C2,WORLD,cum_wind_twh,36.0,-16.88,-7.69,2.67,7.15,9.87,7.27,99.96,0.0,0.0
temporal,C2,R10CHINA+,cum_wind_twh,36.0,-59.17,-24.93,-1.87,13.41,21.19,14.9,154.06,0.0,0.0
temporal,C2,R10EUROPE,cum_wind_twh,36.0,9.29,15.95,22.65,29.24,50.12,22.65,81.25,2.78,0.0
temporal,C2,R10INDIA+,cum_wind_twh,36.0,-626.22,-418.2,-209.75,-63.24,-32.65,209.75,720.58,8.33,0.0
temporal,C2,R10NORTH_AM,cum_wind_twh,36.0,5.18,8.49,10.29,15.37,26.75,10.29,21.11,50.0,38.89
temporal,C2,R10PAC_OECD,cum_wind_twh,36.0,-119.07,-17.57,-5.29,3.45,16.22,12.01,163.78,13.89,2.78
temporal,C2,WORLD,cum_solar_twh,36.0,4.11,6.97,8.59,10.92,12.29,8.59,35.65,0.0,0.0
temporal,C2,R10CHINA+,cum_solar_twh,36.0,19.88,21.37,24.59,29.86,36.82,24.59,53.74,47.22,2.78
temporal,C2,R10EUROPE,cum_solar_twh,36.0,-26.56,-22.04,-19.21,-14.79,-13.09,19.21,13.94,100.0,63.89
temporal,C2,R10INDIA+,cum_solar_twh,36.0,11.14,20.06,27.42,33.65,42.37,27.42,50.17,47.22,2.78
temporal,C2,R10NORTH_AM,cum_solar_twh,36.0,-25.84,-22.45,-16.93,-10.36,-4.08,16.93,30.65,50.0,22.22
temporal,C2,R10PAC_OECD,cum_solar_twh,36.0,-21.69,-10.81,-3.82,-0.82,6.85,5.38,26.93,19.44,2.78
temporal,C2,WORLD,avg_elec_price,36.0,7.82,9.16,11.0,11.96,12.67,11.0,31.7,22.22,2.78
temporal,C2,R10CHINA+,avg_elec_price,36.0,7.02,10.11,15.75,18.99,23.73,15.75,45.6,25.0,2.78
temporal,C2,R10EUROPE,avg_elec_price,36.0,4.18,5.37,6.96,8.61,10.16,6.96,12.34,55.56,27.78
temporal,C2,R10INDIA+,avg_elec_price,36.0,7.37,8.37,9.39,10.27,12.59,9.39,37.1,2.78,0.0
temporal,C2,R10NORTH_AM,avg_elec_price,36.0,9.76,10.91,12.26,16.17,29.05,12.26,10.14,100.0,61.11
temporal,C2,R10PAC_OECD,avg_elec_price,36.0,6.14,7.2,8.18,9.33,11.04,8.18,46.63,2.78,0.0
temporal,C2,WORLD,nonvre_cf,36.0,-20.84,-19.53,-18.82,-17.98,-15.98,18.82,30.36,94.44,0.0
temporal,C2,R10CHINA+,nonvre_cf,36.0,-26.31,-24.84,-23.77,-21.6,-18.71,23.77,37.02,83.33,0.0
temporal,C2,R10EUROPE,nonvre_cf,36.0,-16.78,-15.81,-14.02,-12.29,-10.75,14.02,23.2,86.11,0.0
temporal,C2,R10INDIA+,nonvre_cf,36.0,-36.6,-34.94,-31.49,-28.92,-19.31,31.49,21.54,100.0,80.56
temporal,C2,R10NORTH_AM,nonvre_cf,36.0,-20.85,-16.84,-14.31,-12.64,-11.33,14.31,25.48,50.0,25.0
temporal,C2,R10PAC_OECD,nonvre_cf,36.0,-24.35,-21.34,-19.52,-18.13,-15.61,19.52,20.3,88.89,47.22
temporal,C2,WORLD,npv_cost_bn,36.0,6.75,8.81,10.91,12.39,13.86,10.91,24.16,36.11,0.0
temporal,C2,R10CHINA+,npv_cost_bn,36.0,10.52,15.94,21.9,25.17,26.14,21.9,24.21,86.11,33.33
temporal,C2,R10EUROPE,npv_cost_bn,36.0,4.96,5.89,7.4,9.49,10.76,7.4,15.61,38.89,0.0
temporal,C2,R10INDIA+,npv_cost_bn,36.0,-0.58,5.35,9.84,14.54,19.79,9.84,42.88,8.33,0.0
temporal,C2,R10LATIN_AM,npv_cost_bn,27.0,6.7,7.24,8.2,9.58,10.56,8.2,7.7,100.0,51.85
temporal,C2,R10NORTH_AM,npv_cost_bn,36.0,4.74,5.3,5.77,6.36,8.3,5.77,2.58,97.22,72.22
temporal,C2,R10PAC_OECD,npv_cost_bn,36.0,-3.45,0.72,2.44,3.49,4.79,2.91,23.93,5.56,0.0
temporal,C2,WORLD,cum_emissions_mt,36.0,0.51,1.07,1.59,4.19,5.83,1.59,83.35,0.0,0.0
temporal,C2,R10CHINA+,cum_emissions_mt,36.0,0.32,1.15,1.72,4.91,6.76,1.72,87.2,0.0,0.0
temporal,C2,R10EUROPE,cum_emissions_mt,36.0,-0.19,0.31,1.07,2.16,3.05,1.07,57.25,0.0,0.0
temporal,C2,R10INDIA+,cum_emissions_mt,36.0,0.34,0.65,0.95,3.66,6.97,0.95,95.12,0.0,0.0
temporal,C2,R10NORTH_AM,cum_emissions_mt,36.0,0.3,0.94,2.09,3.49,5.28,2.09,76.86,0.0,0.0
temporal,C2,R10PAC_OECD,cum_emissions_mt,36.0,-0.19,0.69,1.21,2.55,6.25,1.21,82.65,0.0,0.0
temporal,C3,WORLD,cum_wind_twh,36.0,-12.18,-7.69,-2.2,3.26,6.95,5.93,107.16,0.0,0.0
temporal,C3,R10CHINA+,cum_wind_twh,36.0,-29.67,-9.03,1.82,14.45,24.54,13.63,93.57,11.11,0.0
temporal,C3,R10EUROPE,cum_wind_twh,36.0,9.01,12.68,16.75,21.72,26.35,16.75,198.31,0.0,0.0
temporal,C3,R10INDIA+,cum_wind_twh,36.0,-705.59,-314.15,-161.64,-68.41,-29.36,161.64,559.78,27.78,0.0
temporal,C3,R10NORTH_AM,cum_wind_twh,36.0,-0.89,0.61,3.44,8.62,13.11,3.44,46.67,0.0,0.0
temporal,C3,R10PAC_OECD,cum_wind_twh,36.0,-133.23,-38.41,-11.58,2.16,26.42,24.65,245.55,13.89,8.33
temporal,C3,WORLD,cum_solar_twh,36.0,1.33,3.13,6.43,8.39,10.19,6.43,21.39,22.22,0.0
temporal,C3,R10CHINA+,cum_solar_twh,36.0,0.67,8.84,13.85,17.85,22.58,13.85,27.31,55.56,33.33
temporal,C3,R10EUROPE,cum_solar_twh,36.0,-23.95,-18.56,-14.79,-12.35,-7.46,14.79,29.74,61.11,36.11
temporal,C3,R10INDIA+,cum_solar_twh,36.0,4.15,14.7,23.55,28.89,38.55,23.55,23.22,75.0,36.11
temporal,C3,R10NORTH_AM,cum_solar_twh,36.0,-12.6,-9.28,-5.51,-0.49,9.21,6.86,59.14,0.0,0.0
temporal,C3,R10PAC_OECD,cum_solar_twh,36.0,-33.69,-18.71,-9.58,0.61,13.56,11.17,53.25,22.22,0.0
temporal,C3,WORLD,avg_elec_price,36.0,9.24,10.94,12.11,13.06,15.16,12.11,26.6,41.67,8.33
temporal,C3,R10CHINA+,avg_elec_price,36.0,11.85,17.6,19.28,20.65,24.15,19.28,27.75,75.0,27.78
temporal,C3,R10EUROPE,avg_elec_price,36.0,3.94,7.42,8.19,8.73,10.08,8.19,15.18,52.78,36.11
temporal,C3,R10INDIA+,avg_elec_price,36.0,6.4,8.05,9.19,10.45,12.32,9.19,34.73,11.11,0.0
temporal,C3,R10NORTH_AM,avg_elec_price,36.0,4.75,9.61,14.2,17.7,29.98,14.2,17.73,63.89,47.22
temporal,C3,R10PAC_OECD,avg_elec_price,36.0,5.5,7.54,8.38,8.99,10.54,8.38,46.97,0.0,0.0
temporal,C3,WORLD,nonvre_cf,36.0,-19.27,-17.93,-16.16,-14.75,-13.33,16.16,30.01,66.67,0.0
temporal,C3,R10CHINA+,nonvre_cf,36.0,-32.91,-27.65,-23.82,-21.77,-17.98,23.82,26.54,91.67,36.11
temporal,C3,R10EUROPE,nonvre_cf,36.0,-14.37,-13.23,-11.1,-9.87,-8.52,11.1,34.59,13.89,0.0
temporal,C3,R10INDIA+,nonvre_cf,36.0,-31.32,-27.73,-24.51,-18.8,-12.0,24.51,20.77,88.89,58.33
temporal,C3,R10NORTH_AM,nonvre_cf,36.0,-16.46,-12.75,-10.31,-9.28,-7.37,10.31,32.43,13.89,0.0
temporal,C3,R10PAC_OECD,nonvre_cf,36.0,-30.22,-27.4,-22.0,-16.99,-13.52,22.0,17.55,75.0,55.56
temporal,C3,WORLD,npv_cost_bn,36.0,5.86,7.2,9.27,10.36,11.08,9.27,20.35,47.22,0.0
temporal,C3,R10CHINA+,npv_cost_bn,36.0,10.04,12.74,15.79,19.28,21.39,15.79,7.49,100.0,97.22
temporal,C3,R10EUROPE,npv_cost_bn,36.0,4.24,6.52,7.13,7.75,8.82,7.13,49.87,0.0,0.0
temporal,C3,R10INDIA+,npv_cost_bn,36.0,-12.18,4.98,7.56,11.72,19.07,8.92,22.93,44.44,13.89
temporal,C3,R10LATIN_AM,npv_cost_bn,27.0,5.45,7.63,8.5,8.97,9.58,8.5,2.16,100.0,92.59
temporal,C3,R10NORTH_AM,npv_cost_bn,36.0,4.29,4.79,5.82,6.85,8.76,5.82,20.54,0.0,0.0
temporal,C3,R10PAC_OECD,npv_cost_bn,36.0,-2.58,1.47,4.77,5.68,7.64,4.84,47.36,5.56,0.0
temporal,C3,WORLD,cum_emissions_mt,36.0,0.91,1.57,2.59,4.36,6.09,2.59,84.52,0.0,0.0
temporal,C3,R10CHINA+,cum_emissions_mt,36.0,0.61,1.4,2.78,6.02,7.92,2.78,88.76,0.0,0.0
temporal,C3,R10EUROPE,cum_emissions_mt,36.0,0.25,1.24,2.51,3.42,5.85,2.51,70.32,0.0,0.0
temporal,C3,R10INDIA+,cum_emissions_mt,36.0,0.33,0.7,1.18,3.24,6.21,1.18,93.93,0.0,0.0
temporal,C3,R10NORTH_AM,cum_emissions_mt,36.0,1.15,2.19,3.33,5.76,8.72,3.33,77.96,0.0,0.0
temporal,C3,R10PAC_OECD,cum_emissions_mt,36.0,-1.26,1.29,2.97,4.32,7.36,2.97,71.25,0.0,0.0
temporal,C4,WORLD,cum_wind_twh,36.0,-12.41,-7.34,-3.22,-1.39,3.38,3.87,66.28,0.0,0.0
temporal,C4,R10CHINA+,cum_wind_twh,36.0,-63.42,-27.21,-9.02,-4.28,7.4,10.58,70.06,30.56,8.33
temporal,C4,R10EUROPE,cum_wind_twh,36.0,5.85,10.07,14.84,18.38,33.84,14.84,142.95,2.78,0.0
temporal,C4,R10INDIA+,cum_wind_twh,36.0,-552.77,-171.85,-82.37,-30.82,-6.83,82.37,207.6,41.67,5.56
temporal,C4,R10NORTH_AM,cum_wind_twh,36.0,-0.68,1.78,3.5,4.96,9.26,3.5,24.16,16.67,0.0
temporal,C4,R10PAC_OECD,cum_wind_twh,36.0,-48.46,-22.29,-10.38,-0.0,10.34,11.14,128.8,16.67,13.89
temporal,C4,WORLD,cum_solar_twh,36.0,-5.27,-2.35,-0.84,1.36,3.57,1.81,5.22,41.67,22.22
temporal,C4,R10CHINA+,cum_solar_twh,36.0,-0.76,3.21,8.19,10.43,15.75,8.26,12.39,58.33,38.89
temporal,C4,R10EUROPE,cum_solar_twh,36.0,-20.48,-15.54,-13.49,-11.05,-6.88,13.49,16.75,80.56,27.78
temporal,C4,R10INDIA+,cum_solar_twh,36.0,-0.32,5.46,8.75,13.5,23.6,8.75,10.08,58.33,47.22
temporal,C4,R10NORTH_AM,cum_solar_twh,36.0,-24.42,-18.54,-13.86,-11.81,-5.32,13.86,35.47,50.0,5.56
temporal,C4,R10PAC_OECD,cum_solar_twh,36.0,-21.97,-17.28,-6.4,-3.06,0.86,6.4,38.86,33.33,2.78
temporal,C4,WORLD,avg_elec_price,36.0,8.28,9.82,11.11,11.98,13.4,11.11,16.71,69.44,27.78
temporal,C4,R10CHINA+,avg_elec_price,36.0,12.93,15.68,18.55,19.49,21.73,18.55,19.88,83.33,44.44
temporal,C4,R10EUROPE,avg_elec_price,36.0,3.31,4.98,6.21,7.11,8.85,6.21,11.18,50.0,30.56
temporal,C4,R10INDIA+,avg_elec_price,36.0,6.05,7.18,8.36,9.3,10.27,8.36,25.23,13.89,0.0
temporal,C4,R10NORTH_AM,avg_elec_price,36.0,10.03,11.18,12.73,14.35,18.59,12.73,11.08,100.0,61.11
temporal,C4,R10PAC_OECD,avg_elec_price,36.0,4.47,5.42,6.39,7.07,8.88,6.39,34.05,0.0,0.0
temporal,C4,WORLD,nonvre_cf,36.0,-18.05,-16.99,-15.29,-14.34,-13.12,15.29,22.4,86.11,19.44
temporal,C4,R10CHINA+,nonvre_cf,36.0,-29.57,-25.65,-22.22,-18.54,-14.26,22.22,21.09,83.33,52.78
temporal,C4,R10EUROPE,nonvre_cf,36.0,-16.71,-14.91,-12.64,-11.3,-9.53,12.64,26.59,44.44,16.67
temporal,C4,R10INDIA+,nonvre_cf,36.0,-26.02,-21.5,-17.14,-13.34,-9.51,17.14,20.01,77.78,44.44
temporal,C4,R10NORTH_AM,nonvre_cf,36.0,-16.44,-14.07,-12.14,-10.54,-9.4,12.14,24.98,50.0,0.0
temporal,C4,R10PAC_OECD,nonvre_cf,36.0,-24.74,-23.23,-22.08,-20.21,-18.94,22.08,9.97,97.22,83.33
temporal,C4,WORLD,npv_cost_bn,36.0,4.97,6.36,7.23,8.87,10.83,7.23,4.82,88.89,63.89
temporal,C4,R10CHINA+,npv_cost_bn,36.0,4.39,10.68,13.37,17.23,21.56,13.37,18.55,86.11,25.0
temporal,C4,R10EUROPE,npv_cost_bn,36.0,4.76,5.39,6.12,7.05,9.63,6.12,27.56,8.33,0.0
temporal,C4,R10INDIA+,npv_cost_bn,36.0,-8.56,5.52,8.11,9.46,15.68,8.61,10.51,69.44,44.44
temporal,C4,R10LATIN_AM,npv_cost_bn,27.0,4.6,5.33,5.84,6.43,7.79,5.84,19.66,11.11,0.0
temporal,C4,R10NORTH_AM,npv_cost_bn,36.0,3.8,4.46,4.89,5.74,6.59,4.89,4.29,75.0,52.78
temporal,C4,R10PAC_OECD,npv_cost_bn,36.0,-2.52,0.24,2.21,3.42,5.57,2.43,12.37,19.44,19.44
temporal,C4,WORLD,cum_emissions_mt,36.0,2.53,3.05,4.22,4.91,5.98,4.22,80.81,0.0,0.0
temporal,C4,R10CHINA+,cum_emissions_mt,36.0,3.71,4.41,5.73,6.83,8.6,5.73,85.41,0.0,0.0
temporal,C4,R10EUROPE,cum_emissions_mt,36.0,-1.66,0.38,1.93,2.38,4.7,1.95,70.0,0.0,0.0
temporal,C4,R10INDIA+,cum_emissions_mt,36.0,1.13,2.38,4.34,5.18,6.5,4.34,84.88,0.0,0.0
temporal,C4,R10NORTH_AM,cum_emissions_mt,36.0,3.39,4.3,6.58,9.41,15.95,6.58,82.71,0.0,0.0
temporal,C4,R10PAC_OECD,cum_emissions_mt,36.0,0.14,1.24,2.43,4.47,6.59,2.43,86.81,0.0,0.0
temporal,C7,WORLD,cum_wind_twh,32.0,-23.06,-16.1,-4.16,3.71,9.75,7.84,20.55,37.5,15.62
temporal,C7,R10CHINA+,cum_wind_twh,32.0,-87.9,-45.93,-14.75,-0.0,0.0,14.75,7.3,56.25,28.12
temporal,C7,R10EUROPE,cum_wind_twh,32.0,0.85,4.95,8.55,20.71,29.85,8.55,14.3,46.88,28.12
temporal,C7,R10INDIA+,cum_wind_twh,32.0,-116.42,-18.71,-0.15,0.0,7.13,2.72,18.36,34.38,15.62
temporal,C7,R10NORTH_AM,cum_wind_twh,32.0,-2.27,-0.02,3.1,5.6,21.45,3.48,12.73,40.62,15.62
temporal,C7,R10PAC_OECD,cum_wind_twh,32.0,-27.19,-5.41,-0.9,-0.0,0.0,1.94,6.21,50.0,34.38
temporal,C7,WORLD,cum_solar_twh,32.0,-18.96,-15.08,-9.87,-3.94,2.35,9.87,4.31,84.38,78.12
temporal,C7,R10CHINA+,cum_solar_twh,32.0,-21.33,-17.25,-11.69,-1.68,12.45,12.93,4.99,90.62,84.38
temporal,C7,R10EUROPE,cum_solar_twh,32.0,-17.93,-16.68,-13.44,-10.09,-7.44,13.44,7.43,100.0,100.0
temporal,C7,R10INDIA+,cum_solar_twh,32.0,-27.17,-3.18,5.75,11.18,18.56,7.9,9.71,65.62,46.88
temporal,C7,R10NORTH_AM,cum_solar_twh,32.0,-29.11,-22.21,-18.48,-13.59,-10.34,18.48,6.52,100.0,90.62
temporal,C7,R10PAC_OECD,cum_solar_twh,32.0,-5.9,-1.43,0.0,0.0,0.0,0.0,0.04,68.75,40.62
temporal,C7,WORLD,avg_elec_price,32.0,7.65,8.28,8.9,9.85,10.34,8.9,6.04,100.0,65.62
temporal,C7,R10CHINA+,avg_elec_price,32.0,11.6,12.64,14.36,16.26,17.31,14.36,6.61,100.0,75.0
temporal,C7,R10EUROPE,avg_elec_price,32.0,3.42,5.16,5.6,6.78,9.11,5.6,6.09,78.12,46.88
temporal,C7,R10INDIA+,avg_elec_price,32.0,9.08,11.44,12.27,13.31,13.81,12.27,5.24,90.62,62.5
temporal,C7,R10NORTH_AM,avg_elec_price,32.0,4.62,4.98,5.38,6.3,9.07,5.38,3.68,96.88,62.5
temporal,C7,R10PAC_OECD,avg_elec_price,32.0,3.14,3.36,3.56,4.46,5.29,3.56,8.6,37.5,28.12
temporal,C7,WORLD,nonvre_cf,32.0,-20.06,-19.24,-18.18,-17.09,-15.79,18.18,5.77,100.0,100.0
temporal,C7,R10CHINA+,nonvre_cf,32.0,-29.41,-27.1,-26.43,-23.98,-20.21,26.43,2.65,100.0,100.0
temporal,C7,R10EUROPE,nonvre_cf,32.0,-23.25,-19.58,-14.65,-12.26,-8.63,14.65,7.35,100.0,65.62
temporal,C7,R10INDIA+,nonvre_cf,32.0,-25.64,-23.76,-21.57,-18.59,-12.25,21.57,4.9,100.0,100.0
temporal,C7,R10NORTH_AM,nonvre_cf,32.0,-26.25,-21.55,-17.64,-12.5,-11.77,17.64,14.7,87.5,53.12
temporal,C7,R10PAC_OECD,nonvre_cf,32.0,-20.81,-20.04,-19.47,-18.78,-18.21,19.47,0.72,100.0,100.0
temporal,C7,WORLD,npv_cost_bn,32.0,4.43,5.18,5.76,6.18,6.92,5.76,4.18,81.25,62.5
temporal,C7,R10CHINA+,npv_cost_bn,32.0,2.41,5.52,7.68,9.48,11.38,7.68,6.45,75.0,56.25
temporal,C7,R10EUROPE,npv_cost_bn,32.0,3.16,3.82,4.48,6.58,7.88,4.48,2.47,84.38,62.5
temporal,C7,R10INDIA+,npv_cost_bn,32.0,9.72,10.76,12.2,13.17,14.65,12.2,7.21,87.5,68.75
temporal,C7,R10LATIN_AM,npv_cost_bn,21.0,5.81,6.65,6.98,7.82,8.21,6.98,1.23,100.0,100.0
temporal,C7,R10NORTH_AM,npv_cost_bn,32.0,3.67,5.34,6.13,6.95,7.73,6.13,4.6,78.12,59.38
temporal,C7,R10PAC_OECD,npv_cost_bn,32.0,2.08,2.63,3.37,3.67,4.17,3.37,3.69,56.25,43.75
temporal,C7,WORLD,cum_emissions_mt,32.0,3.62,6.25,10.78,15.19,20.16,10.78,11.84,68.75,37.5
temporal,C7,R10CHINA+,cum_emissions_mt,32.0,2.7,6.45,9.59,23.68,31.06,9.59,13.47,68.75,50.0
temporal,C7,R10EUROPE,cum_emissions_mt,32.0,0.26,4.03,5.27,9.14,15.16,5.27,12.41,43.75,34.38
temporal,C7,R10INDIA+,cum_emissions_mt,32.0,-5.53,-0.97,2.08,7.27,25.62,3.98,11.88,25.0,9.38
temporal,C7,R10NORTH_AM,cum_emissions_mt,32.0,1.23,8.68,15.22,29.21,45.53,15.22,37.71,40.62,21.88
temporal,C7,R10PAC_OECD,cum_emissions_mt,32.0,-4.58,-1.13,-0.48,0.28,2.6,0.89,8.09,15.62,15.62
